{
  "version": "1.1.0",
  "diagrams": [
    {
      "ordinal": 0,
      "scrollPosition": {
        "x": 0,
        "y": 0
      },
      "nodes": [
        {
          "location": {
            "x": 681.68194946074743,
            "y": 0
          },
          "nodeIndex": "Atestados",
          "nodeLineageTag": "01a7215c-de16-4843-9b74-5e7e01b236e2",
          "size": {
            "height": 200,
            "width": 234
          },
          "zIndex": 1,
          "expandedHeight": 202.46045903062213
        },
        {
          "location": {
            "x": 417.63582404534316,
            "y": 235.67345779078204
          },
          "nodeIndex": "Calendario",
          "nodeLineageTag": "7d987b68-8001-44e7-9df5-9788523194ad",
          "size": {
            "height": 104,
            "width": 234
          },
          "zIndex": 4,
          "expandedHeight": 200
        },
        {
          "location": {
            "x": 416.731655091589,
            "y": 356.82715436638148
          },
          "nodeIndex": "Metricas",
          "nodeLineageTag": "486b2cb6-4d63-4300-ae2c-a731b5e1d11c",
          "size": {
            "height": 72,
            "width": 234
          },
          "zIndex": 2,
          "expandedHeight": 205.57998479481154
        },
        {
          "location": {
            "x": 171.699904876348,
            "y": 0
          },
          "nodeIndex": "Afastados",
          "nodeLineageTag": "114ce549-6923-46ec-9df8-e8b495e22c6f",
          "size": {
            "height": 176,
            "width": 234
          },
          "zIndex": 3,
          "expandedHeight": 199.15071061688994
        }
      ],
      "name": "All tables",
      "zoomValue": 113.04311487124437,
      "pinKeyFieldsToTop": false,
      "showExtraHeaderInfo": false,
      "hideKeyFieldsWhenCollapsed": false,
      "tablesLocked": false
    }
  ],
  "selectedDiagram": "All tables",
  "defaultDiagram": "All tables"
}